{
    "Coppock": false,
    "RSI": false,
    "StochRSI": false,
    "ROC": false,
    "MACD": false,
    "Tenkan_sen": true,
    "Kijun_sen": true,
    "Senkou_span_a": true,
    "Senkou_span_b": true,
    "Chikou_span": true,
    "Sen": false,
    "Kumo": false,
    "Aroon_Up": false,
    "Aroon_Down": false,
    "Aroon_Oscillator": false,
    "Fibonacci_0": false,
    "Fibonacci_23": false,
    "Fibonacci_38": false,
    "Fibonacci_50": false,
    "Fibonacci_61": false,
    "Fibonacci_78": false,
    "Fibonacci_100": false,
    "OBV": false
}
